batch,source_id,title,catalog_url,priority,commercial_use,yolo_readiness,sam3_readiness,intake_status,required_review
batch-1,rtk:road-traversing-knowledge,Road Traversing Knowledge,https://doi.org/10.17632/hssswvmjwf.1,P0,allowed,conversion_required,mask_ready,catalogued_not_downloaded,"license, upstream terms, personal data, task fit, checksum, storage budget"
batch-1,taco:2020,TACO: Trash Annotations in Context,https://tacodataset.org/,P0,allowed,coco_convertible,mask_ready,catalogued_not_downloaded,"license, upstream terms, personal data, task fit, checksum, storage budget"
batch-2,coco:2017,COCO 2017,https://cocodataset.org/#home,P1,conditional,coco_convertible,mask_ready,catalogued_not_downloaded,"license, upstream terms, personal data, task fit, checksum, storage budget"
batch-2,rdd:2022,Road Damage Dataset 2022,https://crddc2022.sekilab.global/,P1,conditional,conversion_required,box_prompt_convertible,catalogued_not_downloaded,"license, upstream terms, personal data, task fit, checksum, storage budget"
batch-2,deepweeds:1.0,DeepWeeds,https://github.com/AlexOlsen/DeepWeeds,P1,allowed,not_suitable,review_required,catalogued_not_downloaded,"license, upstream terms, personal data, task fit, checksum, storage budget"
batch-2,global-wheat:2020,Global Wheat Detection,https://www.kaggle.com/competitions/global-wheat-detection/data,P1,conditional,conversion_required,box_prompt_convertible,catalogued_not_downloaded,"license, upstream terms, personal data, task fit, checksum, storage budget"
batch-2,open-images:v7,Open Images V7,https://storage.googleapis.com/openimages/web/index.html,P1,conditional,conversion_required,mask_ready,catalogued_not_downloaded,"license, upstream terms, personal data, task fit, checksum, storage budget"
batch-2,lvis:v1,LVIS v1,https://www.lvisdataset.org/,P1,conditional,coco_convertible,mask_ready,catalogued_not_downloaded,"license, upstream terms, personal data, task fit, checksum, storage budget"
backlog,bdd100k:2020,BDD100K,https://bdd-data.berkeley.edu/,P2,research_only,conversion_required,mask_ready,catalogued_not_downloaded,"license, upstream terms, personal data, task fit, checksum, storage budget"
backlog,cityscapes:2024,Cityscapes,https://www.cityscapes-dataset.com/,P2,research_only,conversion_required,mask_ready,catalogued_not_downloaded,"license, upstream terms, personal data, task fit, checksum, storage budget"
backlog,dfire:2022,D-Fire,https://github.com/gaiasd/DFireDataset,P2,research_only,conversion_required,box_prompt_convertible,catalogued_not_downloaded,"license, upstream terms, personal data, task fit, checksum, storage budget"
backlog,dota:v2,DOTA,https://captain-whu.github.io/DOTA/dataset.html,P2,research_only,conversion_required,box_prompt_convertible,catalogued_not_downloaded,"license, upstream terms, personal data, task fit, checksum, storage budget"
backlog,mapillary:vistas,Mapillary Vistas,https://www.mapillary.com/dataset/vistas,P2,conditional,conversion_required,mask_ready,catalogued_not_downloaded,"license, upstream terms, personal data, task fit, checksum, storage budget"
backlog,ade20k:2021,ADE20K,https://groups.csail.mit.edu/vision/datasets/ADE20K/,P2,unknown,conversion_required,mask_ready,catalogued_not_downloaded,"license, upstream terms, personal data, task fit, checksum, storage budget"
backlog,sh17:safety-helmet,SH17 Safety Helmet Dataset,https://github.com/ahmadmughees/sh17dataset,P2,research_only,conversion_required,box_prompt_convertible,catalogued_not_downloaded,"license, upstream terms, personal data, task fit, checksum, storage budget"
backlog,pascal-voc:2012,PASCAL VOC 2012,https://host.robots.ox.ac.uk/pascal/VOC/,P2,unknown,conversion_required,mask_ready,catalogued_not_downloaded,"license, upstream terms, personal data, task fit, checksum, storage budget"
backlog,visdrone:2019,VisDrone,https://github.com/VisDrone/VisDrone-Dataset,P2,research_only,conversion_required,box_prompt_convertible,catalogued_not_downloaded,"license, upstream terms, personal data, task fit, checksum, storage budget"
backlog,xview:2018,xView,https://challenge.xviewdataset.org/,P2,conditional,conversion_required,box_prompt_convertible,catalogued_not_downloaded,"license, upstream terms, personal data, task fit, checksum, storage budget"
backlog,huggingface:abdullahmeda/yolov8-table-detection,abdullahmeda/yolov8-table-detection,https://huggingface.co/datasets/abdullahmeda/yolov8-table-detection,P3,unknown,native_yolo,box_prompt_convertible,catalogued_not_downloaded,"license, upstream terms, personal data, task fit, checksum, storage budget"
backlog,huggingface:AdamShih/Marine-Semantic-Segmentation-Training-Dataset,AdamShih/Marine-Semantic-Segmentation-Training-Dataset,https://huggingface.co/datasets/AdamShih/Marine-Semantic-Segmentation-Training-Dataset,P3,unknown,review_required,review_required,catalogued_not_downloaded,"license, upstream terms, personal data, task fit, checksum, storage budget"
backlog,huggingface:adarshxs/voxcpm2-sglang-omni-samples,adarshxs/voxcpm2-sglang-omni-samples,https://huggingface.co/datasets/adarshxs/voxcpm2-sglang-omni-samples,P3,unknown,review_required,review_required,catalogued_not_downloaded,"license, upstream terms, personal data, task fit, checksum, storage budget"
backlog,huggingface:afshin-dini/Egg-Instance-Segmentation,afshin-dini/Egg-Instance-Segmentation,https://huggingface.co/datasets/afshin-dini/Egg-Instance-Segmentation,P3,unknown,review_required,review_required,catalogued_not_downloaded,"license, upstream terms, personal data, task fit, checksum, storage budget"
backlog,huggingface:AgamP/YolovCsv,AgamP/YolovCsv,https://huggingface.co/datasets/AgamP/YolovCsv,P3,unknown,review_required,review_required,catalogued_not_downloaded,"license, upstream terms, personal data, task fit, checksum, storage budget"
backlog,huggingface:ai4bharat/samanantar,ai4bharat/samanantar,https://huggingface.co/datasets/ai4bharat/samanantar,P3,unknown,review_required,review_required,catalogued_not_downloaded,"license, upstream terms, personal data, task fit, checksum, storage budget"
backlog,huggingface:ali-sh07/Phenobench_semantic_segmentation,ali-sh07/Phenobench_semantic_segmentation,https://huggingface.co/datasets/ali-sh07/Phenobench_semantic_segmentation,P3,unknown,review_required,review_required,catalogued_not_downloaded,"license, upstream terms, personal data, task fit, checksum, storage budget"
backlog,huggingface:alimranfakir/yolov8,alimranfakir/yolov8,https://huggingface.co/datasets/alimranfakir/yolov8,P3,unknown,review_required,review_required,catalogued_not_downloaded,"license, upstream terms, personal data, task fit, checksum, storage budget"
backlog,huggingface:AnnalisaAppice/SWIFTT-bark_beetle_detection_semantic_segmentation,AnnalisaAppice/SWIFTT-bark_beetle_detection_semantic_segmentation,https://huggingface.co/datasets/AnnalisaAppice/SWIFTT-bark_beetle_detection_semantic_segmentation,P3,unknown,review_required,mask_ready,catalogued_not_downloaded,"license, upstream terms, personal data, task fit, checksum, storage budget"
backlog,huggingface:approximatelabs/tablib-v1-sample,approximatelabs/tablib-v1-sample,https://huggingface.co/datasets/approximatelabs/tablib-v1-sample,P3,unknown,review_required,review_required,catalogued_not_downloaded,"license, upstream terms, personal data, task fit, checksum, storage budget"
backlog,huggingface:archispace/ROI-1555_Rebar_Detection_and_Instance_Segmentation_Dataset,archispace/ROI-1555_Rebar_Detection_and_Instance_Segmentation_Dataset,https://huggingface.co/datasets/archispace/ROI-1555_Rebar_Detection_and_Instance_Segmentation_Dataset,P3,unknown,review_required,review_required,catalogued_not_downloaded,"license, upstream terms, personal data, task fit, checksum, storage budget"
backlog,huggingface:as-cle-bert/breastcancer-semantic-segmentation,as-cle-bert/breastcancer-semantic-segmentation,https://huggingface.co/datasets/as-cle-bert/breastcancer-semantic-segmentation,P3,unknown,review_required,review_required,catalogued_not_downloaded,"license, upstream terms, personal data, task fit, checksum, storage budget"
backlog,huggingface:As-im/Delhi-Canopy-High-Res-Semantic-Segmentation,As-im/Delhi-Canopy-High-Res-Semantic-Segmentation,https://huggingface.co/datasets/As-im/Delhi-Canopy-High-Res-Semantic-Segmentation,P3,unknown,review_required,review_required,catalogued_not_downloaded,"license, upstream terms, personal data, task fit, checksum, storage budget"
backlog,huggingface:aspis/car_background_removal_coco_panoptic,aspis/car_background_removal_coco_panoptic,https://huggingface.co/datasets/aspis/car_background_removal_coco_panoptic,P3,unknown,review_required,review_required,catalogued_not_downloaded,"license, upstream terms, personal data, task fit, checksum, storage budget"
backlog,huggingface:aspis/car_background_removal_coco_panoptic_test,aspis/car_background_removal_coco_panoptic_test,https://huggingface.co/datasets/aspis/car_background_removal_coco_panoptic_test,P3,unknown,review_required,review_required,catalogued_not_downloaded,"license, upstream terms, personal data, task fit, checksum, storage budget"
backlog,huggingface:ATUMUNMOON/Egg-Instance-Segmentation,ATUMUNMOON/Egg-Instance-Segmentation,https://huggingface.co/datasets/ATUMUNMOON/Egg-Instance-Segmentation,P3,unknown,review_required,review_required,catalogued_not_downloaded,"license, upstream terms, personal data, task fit, checksum, storage budget"
backlog,huggingface:autoevaluate/autoeval-eval-autoevaluate__zero-shot-classification-sample-autoevalu-912bbb-1484454284,autoevaluate/autoeval-eval-autoevaluate__zero-shot-classification-sample-autoevalu-912bbb-1484454284,https://huggingface.co/datasets/autoevaluate/autoeval-eval-autoevaluate__zero-shot-classification-sample-autoevalu-912bbb-1484454284,P3,unknown,review_required,review_required,catalogued_not_downloaded,"license, upstream terms, personal data, task fit, checksum, storage budget"
backlog,huggingface:beethogedeon/Trucks-Detection-Yolov8,beethogedeon/Trucks-Detection-Yolov8,https://huggingface.co/datasets/beethogedeon/Trucks-Detection-Yolov8,P3,unknown,conversion_required,box_prompt_convertible,catalogued_not_downloaded,"license, upstream terms, personal data, task fit, checksum, storage budget"
backlog,huggingface:bertin-project/mc4-es-sampled,bertin-project/mc4-es-sampled,https://huggingface.co/datasets/bertin-project/mc4-es-sampled,P3,unknown,review_required,review_required,catalogued_not_downloaded,"license, upstream terms, personal data, task fit, checksum, storage budget"
backlog,huggingface:bertin-project/mc4-sampling,bertin-project/mc4-sampling,https://huggingface.co/datasets/bertin-project/mc4-sampling,P3,unknown,review_required,review_required,catalogued_not_downloaded,"license, upstream terms, personal data, task fit, checksum, storage budget"
backlog,huggingface:BIDJOE/chvg-yolo,BIDJOE/chvg-yolo,https://huggingface.co/datasets/BIDJOE/chvg-yolo,P3,unknown,review_required,review_required,catalogued_not_downloaded,"license, upstream terms, personal data, task fit, checksum, storage budget"
backlog,huggingface:Bingsu/wider_face_yolo,Bingsu/wider_face_yolo,https://huggingface.co/datasets/Bingsu/wider_face_yolo,P3,unknown,conversion_required,box_prompt_convertible,catalogued_not_downloaded,"license, upstream terms, personal data, task fit, checksum, storage budget"
backlog,huggingface:bryanbocao/coco_minitrain,bryanbocao/coco_minitrain,https://huggingface.co/datasets/bryanbocao/coco_minitrain,P3,unknown,review_required,review_required,catalogued_not_downloaded,"license, upstream terms, personal data, task fit, checksum, storage budget"
backlog,huggingface:CanPeh98/InstanceSegmentation,CanPeh98/InstanceSegmentation,https://huggingface.co/datasets/CanPeh98/InstanceSegmentation,P3,unknown,review_required,review_required,catalogued_not_downloaded,"license, upstream terms, personal data, task fit, checksum, storage budget"
backlog,huggingface:ceram1324/YOLO-GC,ceram1324/YOLO-GC,https://huggingface.co/datasets/ceram1324/YOLO-GC,P3,unknown,review_required,review_required,catalogued_not_downloaded,"license, upstream terms, personal data, task fit, checksum, storage budget"
backlog,huggingface:chitradrishti/SemanticSegmentation,chitradrishti/SemanticSegmentation,https://huggingface.co/datasets/chitradrishti/SemanticSegmentation,P3,unknown,review_required,review_required,catalogued_not_downloaded,"license, upstream terms, personal data, task fit, checksum, storage budget"
backlog,huggingface:chmanoj/ai4bharat__samanantar_processed_te,chmanoj/ai4bharat__samanantar_processed_te,https://huggingface.co/datasets/chmanoj/ai4bharat__samanantar_processed_te,P3,unknown,review_required,review_required,catalogued_not_downloaded,"license, upstream terms, personal data, task fit, checksum, storage budget"
backlog,huggingface:ChristophSchuhmann/MS_COCO_2017_URL_TEXT,ChristophSchuhmann/MS_COCO_2017_URL_TEXT,https://huggingface.co/datasets/ChristophSchuhmann/MS_COCO_2017_URL_TEXT,P3,unknown,review_required,review_required,catalogued_not_downloaded,"license, upstream terms, personal data, task fit, checksum, storage budget"
backlog,huggingface:cj-mills/coco-instance-segmentation-toy-dataset,cj-mills/coco-instance-segmentation-toy-dataset,https://huggingface.co/datasets/cj-mills/coco-instance-segmentation-toy-dataset,P3,unknown,review_required,review_required,catalogued_not_downloaded,"license, upstream terms, personal data, task fit, checksum, storage budget"
backlog,huggingface:cj-mills/cvat-instance-segmentation-toy-dataset,cj-mills/cvat-instance-segmentation-toy-dataset,https://huggingface.co/datasets/cj-mills/cvat-instance-segmentation-toy-dataset,P3,unknown,review_required,review_required,catalogued_not_downloaded,"license, upstream terms, personal data, task fit, checksum, storage budget"
backlog,huggingface:cj-mills/labelme-instance-segmentation-toy-dataset,cj-mills/labelme-instance-segmentation-toy-dataset,https://huggingface.co/datasets/cj-mills/labelme-instance-segmentation-toy-dataset,P3,unknown,review_required,review_required,catalogued_not_downloaded,"license, upstream terms, personal data, task fit, checksum, storage budget"
backlog,huggingface:CoconutData/Coconutmortalityrate,CoconutData/Coconutmortalityrate,https://huggingface.co/datasets/CoconutData/Coconutmortalityrate,P3,unknown,review_required,review_required,catalogued_not_downloaded,"license, upstream terms, personal data, task fit, checksum, storage budget"
backlog,huggingface:codeur-rapide/images_yolo,codeur-rapide/images_yolo,https://huggingface.co/datasets/codeur-rapide/images_yolo,P3,unknown,review_required,review_required,catalogued_not_downloaded,"license, upstream terms, personal data, task fit, checksum, storage budget"
backlog,huggingface:comet-team/coco-500,comet-team/coco-500,https://huggingface.co/datasets/comet-team/coco-500,P3,unknown,review_required,review_required,catalogued_not_downloaded,"license, upstream terms, personal data, task fit, checksum, storage budget"
backlog,huggingface:correll/semanticsegmentationandposeestimationfromrgbd,correll/semanticsegmentationandposeestimationfromrgbd,https://huggingface.co/datasets/correll/semanticsegmentationandposeestimationfromrgbd,P3,unknown,conversion_required,mask_ready,catalogued_not_downloaded,"license, upstream terms, personal data, task fit, checksum, storage budget"
backlog,huggingface:csmithxc/yoloworld-test,csmithxc/yoloworld-test,https://huggingface.co/datasets/csmithxc/yoloworld-test,P3,unknown,review_required,review_required,catalogued_not_downloaded,"license, upstream terms, personal data, task fit, checksum, storage budget"
backlog,huggingface:DamarJati/Example-YOLO,DamarJati/Example-YOLO,https://huggingface.co/datasets/DamarJati/Example-YOLO,P3,unknown,review_required,review_required,catalogued_not_downloaded,"license, upstream terms, personal data, task fit, checksum, storage budget"
backlog,huggingface:DamarJati/face-hands-YOLOv5,DamarJati/face-hands-YOLOv5,https://huggingface.co/datasets/DamarJati/face-hands-YOLOv5,P3,unknown,review_required,review_required,catalogued_not_downloaded,"license, upstream terms, personal data, task fit, checksum, storage budget"
backlog,huggingface:DarjaCore/algerian-darja-sample,DarjaCore/algerian-darja-sample,https://huggingface.co/datasets/DarjaCore/algerian-darja-sample,P3,unknown,review_required,review_required,catalogued_not_downloaded,"license, upstream terms, personal data, task fit, checksum, storage budget"
backlog,huggingface:davanstrien/embellishments-sample,davanstrien/embellishments-sample,https://huggingface.co/datasets/davanstrien/embellishments-sample,P3,unknown,review_required,review_required,catalogued_not_downloaded,"license, upstream terms, personal data, task fit, checksum, storage budget"
backlog,huggingface:DeceptionPro/EDR_Telemetry_Sample,DeceptionPro/EDR_Telemetry_Sample,https://huggingface.co/datasets/DeceptionPro/EDR_Telemetry_Sample,P3,unknown,conversion_required,box_prompt_convertible,catalogued_not_downloaded,"license, upstream terms, personal data, task fit, checksum, storage budget"
backlog,huggingface:detection-datasets/coco,detection-datasets/coco,https://huggingface.co/datasets/detection-datasets/coco,P3,unknown,conversion_required,box_prompt_convertible,catalogued_not_downloaded,"license, upstream terms, personal data, task fit, checksum, storage budget"
backlog,huggingface:dhvazquez/mtg_synthetic_cards_semantic_segmentation,dhvazquez/mtg_synthetic_cards_semantic_segmentation,https://huggingface.co/datasets/dhvazquez/mtg_synthetic_cards_semantic_segmentation,P3,unknown,review_required,mask_ready,catalogued_not_downloaded,"license, upstream terms, personal data, task fit, checksum, storage budget"
backlog,huggingface:Dinusharg/semantic_segmentation_footpath_grass_road_water_v1,Dinusharg/semantic_segmentation_footpath_grass_road_water_v1,https://huggingface.co/datasets/Dinusharg/semantic_segmentation_footpath_grass_road_water_v1,P3,unknown,review_required,mask_ready,catalogued_not_downloaded,"license, upstream terms, personal data, task fit, checksum, storage budget"
backlog,huggingface:dnnslnk/Semantic_Segmentation_Screws,dnnslnk/Semantic_Segmentation_Screws,https://huggingface.co/datasets/dnnslnk/Semantic_Segmentation_Screws,P3,unknown,review_required,review_required,catalogued_not_downloaded,"license, upstream terms, personal data, task fit, checksum, storage budget"
backlog,huggingface:dwb2023/brain-tumor-image-dataset-semantic-segmentation,dwb2023/brain-tumor-image-dataset-semantic-segmentation,https://huggingface.co/datasets/dwb2023/brain-tumor-image-dataset-semantic-segmentation,P3,unknown,review_required,review_required,catalogued_not_downloaded,"license, upstream terms, personal data, task fit, checksum, storage budget"
backlog,huggingface:dylangirrens/semantic-segmentation-dataset,dylangirrens/semantic-segmentation-dataset,https://huggingface.co/datasets/dylangirrens/semantic-segmentation-dataset,P3,unknown,review_required,review_required,catalogued_not_downloaded,"license, upstream terms, personal data, task fit, checksum, storage budget"
backlog,huggingface:embedding-data/coco_captions_quintets,embedding-data/coco_captions_quintets,https://huggingface.co/datasets/embedding-data/coco_captions_quintets,P3,unknown,review_required,review_required,catalogued_not_downloaded,"license, upstream terms, personal data, task fit, checksum, storage budget"
backlog,huggingface:enterprise-explorers/coco-semantic-segmentation,enterprise-explorers/coco-semantic-segmentation,https://huggingface.co/datasets/enterprise-explorers/coco-semantic-segmentation,P3,unknown,review_required,review_required,catalogued_not_downloaded,"license, upstream terms, personal data, task fit, checksum, storage budget"
backlog,huggingface:EpicPinkPenguin/cmu_panoptic_dataset_instance_segmentation_mask,EpicPinkPenguin/cmu_panoptic_dataset_instance_segmentation_mask,https://huggingface.co/datasets/EpicPinkPenguin/cmu_panoptic_dataset_instance_segmentation_mask,P3,unknown,review_required,mask_ready,catalogued_not_downloaded,"license, upstream terms, personal data, task fit, checksum, storage budget"
backlog,huggingface:EssentialAI/eai-taxonomy-stem-w-dclm-100b-sample,EssentialAI/eai-taxonomy-stem-w-dclm-100b-sample,https://huggingface.co/datasets/EssentialAI/eai-taxonomy-stem-w-dclm-100b-sample,P3,unknown,review_required,review_required,catalogued_not_downloaded,"license, upstream terms, personal data, task fit, checksum, storage budget"
backlog,huggingface:etaylor/trichomes_moment_lens_instance_segmentation,etaylor/trichomes_moment_lens_instance_segmentation,https://huggingface.co/datasets/etaylor/trichomes_moment_lens_instance_segmentation,P3,unknown,review_required,review_required,catalogued_not_downloaded,"license, upstream terms, personal data, task fit, checksum, storage budget"
backlog,huggingface:eto-ai/coco,eto-ai/coco,https://huggingface.co/datasets/eto-ai/coco,P3,unknown,conversion_required,box_prompt_convertible,catalogued_not_downloaded,"license, upstream terms, personal data, task fit, checksum, storage budget"
backlog,huggingface:fcakyon/crack-instance-segmentation,fcakyon/crack-instance-segmentation,https://huggingface.co/datasets/fcakyon/crack-instance-segmentation,P3,unknown,review_required,mask_ready,catalogued_not_downloaded,"license, upstream terms, personal data, task fit, checksum, storage budget"
backlog,huggingface:foduucom/table-detection-yolo,foduucom/table-detection-yolo,https://huggingface.co/datasets/foduucom/table-detection-yolo,P3,unknown,conversion_required,box_prompt_convertible,catalogued_not_downloaded,"license, upstream terms, personal data, task fit, checksum, storage budget"
backlog,huggingface:FormDesignLabs/Aesthetic3D_Sample_Part1,FormDesignLabs/Aesthetic3D_Sample_Part1,https://huggingface.co/datasets/FormDesignLabs/Aesthetic3D_Sample_Part1,P3,unknown,review_required,review_required,catalogued_not_downloaded,"license, upstream terms, personal data, task fit, checksum, storage budget"
backlog,huggingface:Growing-Moss-Data/automotive-service-intelligence-sample,Growing-Moss-Data/automotive-service-intelligence-sample,https://huggingface.co/datasets/Growing-Moss-Data/automotive-service-intelligence-sample,P3,unknown,review_required,review_required,catalogued_not_downloaded,"license, upstream terms, personal data, task fit, checksum, storage budget"
backlog,huggingface:GWHS/sample_dataset,GWHS/sample_dataset,https://huggingface.co/datasets/GWHS/sample_dataset,P3,unknown,review_required,review_required,catalogued_not_downloaded,"license, upstream terms, personal data, task fit, checksum, storage budget"
backlog,huggingface:gymprathap/Semantic-Segmentation-Aerial-Imagery-Dataset,gymprathap/Semantic-Segmentation-Aerial-Imagery-Dataset,https://huggingface.co/datasets/gymprathap/Semantic-Segmentation-Aerial-Imagery-Dataset,P3,unknown,review_required,review_required,catalogued_not_downloaded,"license, upstream terms, personal data, task fit, checksum, storage budget"
backlog,huggingface:h4iku/coconut_c2005,h4iku/coconut_c2005,https://huggingface.co/datasets/h4iku/coconut_c2005,P3,unknown,review_required,review_required,catalogued_not_downloaded,"license, upstream terms, personal data, task fit, checksum, storage budget"
backlog,huggingface:h4iku/coconut_c2005_preprocessed,h4iku/coconut_c2005_preprocessed,https://huggingface.co/datasets/h4iku/coconut_c2005_preprocessed,P3,unknown,review_required,review_required,catalogued_not_downloaded,"license, upstream terms, personal data, task fit, checksum, storage budget"
backlog,huggingface:h4iku/coconut_java2006,h4iku/coconut_java2006,https://huggingface.co/datasets/h4iku/coconut_java2006,P3,unknown,review_required,review_required,catalogued_not_downloaded,"license, upstream terms, personal data, task fit, checksum, storage budget"
backlog,huggingface:h4iku/coconut_java2006_preprocessed,h4iku/coconut_java2006_preprocessed,https://huggingface.co/datasets/h4iku/coconut_java2006_preprocessed,P3,unknown,review_required,review_required,catalogued_not_downloaded,"license, upstream terms, personal data, task fit, checksum, storage budget"
backlog,huggingface:h4iku/coconut_javascript2010,h4iku/coconut_javascript2010,https://huggingface.co/datasets/h4iku/coconut_javascript2010,P3,unknown,review_required,review_required,catalogued_not_downloaded,"license, upstream terms, personal data, task fit, checksum, storage budget"
backlog,huggingface:h4iku/coconut_javascript2010_preprocessed,h4iku/coconut_javascript2010_preprocessed,https://huggingface.co/datasets/h4iku/coconut_javascript2010_preprocessed,P3,unknown,review_required,review_required,catalogued_not_downloaded,"license, upstream terms, personal data, task fit, checksum, storage budget"
backlog,huggingface:h4iku/coconut_python2010,h4iku/coconut_python2010,https://huggingface.co/datasets/h4iku/coconut_python2010,P3,unknown,review_required,review_required,catalogued_not_downloaded,"license, upstream terms, personal data, task fit, checksum, storage budget"
backlog,huggingface:h4iku/coconut_python2010_preprocessed,h4iku/coconut_python2010_preprocessed,https://huggingface.co/datasets/h4iku/coconut_python2010_preprocessed,P3,unknown,review_required,review_required,catalogued_not_downloaded,"license, upstream terms, personal data, task fit, checksum, storage budget"
backlog,huggingface:hamnaanaa/Duckietown-Multiclass-Semantic-Segmentation-Dataset,hamnaanaa/Duckietown-Multiclass-Semantic-Segmentation-Dataset,https://huggingface.co/datasets/hamnaanaa/Duckietown-Multiclass-Semantic-Segmentation-Dataset,P3,unknown,review_required,mask_ready,catalogued_not_downloaded,"license, upstream terms, personal data, task fit, checksum, storage budget"
backlog,huggingface:haqi001/VALORANT_destection_head_body_yolo,haqi001/VALORANT_destection_head_body_yolo,https://huggingface.co/datasets/haqi001/VALORANT_destection_head_body_yolo,P3,unknown,review_required,review_required,catalogued_not_downloaded,"license, upstream terms, personal data, task fit, checksum, storage budget"
backlog,huggingface:HenryYHW/DriveDNA-Sample,HenryYHW/DriveDNA-Sample,https://huggingface.co/datasets/HenryYHW/DriveDNA-Sample,P3,unknown,review_required,review_required,catalogued_not_downloaded,"license, upstream terms, personal data, task fit, checksum, storage budget"
backlog,huggingface:hf-internal-testing/cats_vs_dogs_sample,hf-internal-testing/cats_vs_dogs_sample,https://huggingface.co/datasets/hf-internal-testing/cats_vs_dogs_sample,P3,unknown,review_required,review_required,catalogued_not_downloaded,"license, upstream terms, personal data, task fit, checksum, storage budget"
backlog,huggingface:hmnshudhmn24/minecraft-mobs-yolo-dataset,hmnshudhmn24/minecraft-mobs-yolo-dataset,https://huggingface.co/datasets/hmnshudhmn24/minecraft-mobs-yolo-dataset,P3,unknown,native_yolo,box_prompt_convertible,catalogued_not_downloaded,"license, upstream terms, personal data, task fit, checksum, storage budget"
backlog,huggingface:Hoi0624/yolov1_dataset,Hoi0624/yolov1_dataset,https://huggingface.co/datasets/Hoi0624/yolov1_dataset,P3,unknown,review_required,review_required,catalogued_not_downloaded,"license, upstream terms, personal data, task fit, checksum, storage budget"
backlog,huggingface:HoioH/yolov1_dataset,HoioH/yolov1_dataset,https://huggingface.co/datasets/HoioH/yolov1_dataset,P3,unknown,review_required,review_required,catalogued_not_downloaded,"license, upstream terms, personal data, task fit, checksum, storage budget"
backlog,huggingface:huggingartists/cocomelon,huggingartists/cocomelon,https://huggingface.co/datasets/huggingartists/cocomelon,P3,unknown,review_required,review_required,catalogued_not_downloaded,"license, upstream terms, personal data, task fit, checksum, storage budget"
backlog,huggingface:huggingartists/john-k-samson,huggingartists/john-k-samson,https://huggingface.co/datasets/huggingartists/john-k-samson,P3,unknown,review_required,review_required,catalogued_not_downloaded,"license, upstream terms, personal data, task fit, checksum, storage budget"
backlog,huggingface:huggingartists/sam-kim,huggingartists/sam-kim,https://huggingface.co/datasets/huggingartists/sam-kim,P3,unknown,review_required,review_required,catalogued_not_downloaded,"license, upstream terms, personal data, task fit, checksum, storage budget"
backlog,huggingface:huggingface/semantic-segmentation-test-sample,huggingface/semantic-segmentation-test-sample,https://huggingface.co/datasets/huggingface/semantic-segmentation-test-sample,P3,unknown,review_required,review_required,catalogued_not_downloaded,"license, upstream terms, personal data, task fit, checksum, storage budget"
backlog,huggingface:HuggingFaceM4/COCO,HuggingFaceM4/COCO,https://huggingface.co/datasets/HuggingFaceM4/COCO,P3,unknown,review_required,review_required,catalogued_not_downloaded,"license, upstream terms, personal data, task fit, checksum, storage budget"
backlog,huggingface:industoai/Egg-Instance-Segmentation,industoai/Egg-Instance-Segmentation,https://huggingface.co/datasets/industoai/Egg-Instance-Segmentation,P3,unknown,review_required,review_required,catalogued_not_downloaded,"license, upstream terms, personal data, task fit, checksum, storage budget"
backlog,huggingface:introvoyz041/KG_Instance_Segmentation,introvoyz041/KG_Instance_Segmentation,https://huggingface.co/datasets/introvoyz041/KG_Instance_Segmentation,P3,unknown,review_required,review_required,catalogued_not_downloaded,"license, upstream terms, personal data, task fit, checksum, storage budget"
backlog,huggingface:introvoyz041/MICCAI2021_Cataract_semantic_segmentation,introvoyz041/MICCAI2021_Cataract_semantic_segmentation,https://huggingface.co/datasets/introvoyz041/MICCAI2021_Cataract_semantic_segmentation,P3,unknown,review_required,review_required,catalogued_not_downloaded,"license, upstream terms, personal data, task fit, checksum, storage budget"
backlog,huggingface:Invicto69/Job-dataset-samples,Invicto69/Job-dataset-samples,https://huggingface.co/datasets/Invicto69/Job-dataset-samples,P3,unknown,review_required,review_required,catalogued_not_downloaded,"license, upstream terms, personal data, task fit, checksum, storage budget"
backlog,huggingface:jacobbieker/open-crab-sample,jacobbieker/open-crab-sample,https://huggingface.co/datasets/jacobbieker/open-crab-sample,P3,unknown,review_required,review_required,catalogued_not_downloaded,"license, upstream terms, personal data, task fit, checksum, storage budget"
backlog,huggingface:jeanpat/SmallOverlapChrom-COCO125,jeanpat/SmallOverlapChrom-COCO125,https://huggingface.co/datasets/jeanpat/SmallOverlapChrom-COCO125,P3,unknown,review_required,review_required,catalogued_not_downloaded,"license, upstream terms, personal data, task fit, checksum, storage budget"
backlog,huggingface:Jenk9/exo2exo-selected-EgoExo4D-pair-same-random,Jenk9/exo2exo-selected-EgoExo4D-pair-same-random,https://huggingface.co/datasets/Jenk9/exo2exo-selected-EgoExo4D-pair-same-random,P3,unknown,review_required,mask_ready,catalogued_not_downloaded,"license, upstream terms, personal data, task fit, checksum, storage budget"
backlog,huggingface:jrahn/yolochess_deepblue,jrahn/yolochess_deepblue,https://huggingface.co/datasets/jrahn/yolochess_deepblue,P3,unknown,review_required,review_required,catalogued_not_downloaded,"license, upstream terms, personal data, task fit, checksum, storage budget"
backlog,huggingface:jrahn/yolochess_lichess-elite_2209,jrahn/yolochess_lichess-elite_2209,https://huggingface.co/datasets/jrahn/yolochess_lichess-elite_2209,P3,unknown,review_required,review_required,catalogued_not_downloaded,"license, upstream terms, personal data, task fit, checksum, storage budget"
backlog,huggingface:jrahn/yolochess_lichess-elite_2210,jrahn/yolochess_lichess-elite_2210,https://huggingface.co/datasets/jrahn/yolochess_lichess-elite_2210,P3,unknown,review_required,review_required,catalogued_not_downloaded,"license, upstream terms, personal data, task fit, checksum, storage budget"
backlog,huggingface:jrahn/yolochess_lichess-elite_2211,jrahn/yolochess_lichess-elite_2211,https://huggingface.co/datasets/jrahn/yolochess_lichess-elite_2211,P3,unknown,review_required,review_required,catalogued_not_downloaded,"license, upstream terms, personal data, task fit, checksum, storage budget"
backlog,huggingface:karansapra/semantic-segmentation,karansapra/semantic-segmentation,https://huggingface.co/datasets/karansapra/semantic-segmentation,P3,unknown,review_required,review_required,catalogued_not_downloaded,"license, upstream terms, personal data, task fit, checksum, storage budget"
backlog,huggingface:kasurashan/RGBD-Instance-Segmentation,kasurashan/RGBD-Instance-Segmentation,https://huggingface.co/datasets/kasurashan/RGBD-Instance-Segmentation,P3,unknown,review_required,review_required,catalogued_not_downloaded,"license, upstream terms, personal data, task fit, checksum, storage budget"
backlog,huggingface:Katteryna/automotive-tools-instance-segmentation-demo,Katteryna/automotive-tools-instance-segmentation-demo,https://huggingface.co/datasets/Katteryna/automotive-tools-instance-segmentation-demo,P3,unknown,review_required,review_required,catalogued_not_downloaded,"license, upstream terms, personal data, task fit, checksum, storage budget"
backlog,huggingface:Katteryna/Automotive_Hand_Tools_Instance_Segmentation,Katteryna/Automotive_Hand_Tools_Instance_Segmentation,https://huggingface.co/datasets/Katteryna/Automotive_Hand_Tools_Instance_Segmentation,P3,unknown,review_required,review_required,catalogued_not_downloaded,"license, upstream terms, personal data, task fit, checksum, storage budget"
backlog,huggingface:KIT-MRT/KITScenes-Multimodal-Sample,KIT-MRT/KITScenes-Multimodal-Sample,https://huggingface.co/datasets/KIT-MRT/KITScenes-Multimodal-Sample,P3,unknown,review_required,review_required,catalogued_not_downloaded,"license, upstream terms, personal data, task fit, checksum, storage budget"
backlog,huggingface:kumapo/coco_dataset_script,kumapo/coco_dataset_script,https://huggingface.co/datasets/kumapo/coco_dataset_script,P3,unknown,review_required,review_required,catalogued_not_downloaded,"license, upstream terms, personal data, task fit, checksum, storage budget"
backlog,huggingface:laion/relaion-coco,laion/relaion-coco,https://huggingface.co/datasets/laion/relaion-coco,P3,unknown,review_required,review_required,catalogued_not_downloaded,"license, upstream terms, personal data, task fit, checksum, storage budget"
backlog,huggingface:llama-farm/military-labeled-yolo,llama-farm/military-labeled-yolo,https://huggingface.co/datasets/llama-farm/military-labeled-yolo,P3,unknown,native_yolo,box_prompt_convertible,catalogued_not_downloaded,"license, upstream terms, personal data, task fit, checksum, storage budget"
backlog,huggingface:lllbbb123/ROI-1555_Rebar_Detection_and_Instance_Segmentation_Dataset,lllbbb123/ROI-1555_Rebar_Detection_and_Instance_Segmentation_Dataset,https://huggingface.co/datasets/lllbbb123/ROI-1555_Rebar_Detection_and_Instance_Segmentation_Dataset,P3,unknown,review_required,review_required,catalogued_not_downloaded,"license, upstream terms, personal data, task fit, checksum, storage budget"
backlog,huggingface:lmr-123/ROI-1555_Rebar_Detection_and_Instance_Segmentation_Dataset,lmr-123/ROI-1555_Rebar_Detection_and_Instance_Segmentation_Dataset,https://huggingface.co/datasets/lmr-123/ROI-1555_Rebar_Detection_and_Instance_Segmentation_Dataset,P3,unknown,review_required,review_required,catalogued_not_downloaded,"license, upstream terms, personal data, task fit, checksum, storage budget"
backlog,huggingface:LRGB/coco_superpixels_edge_wt_coord_feat_10,LRGB/coco_superpixels_edge_wt_coord_feat_10,https://huggingface.co/datasets/LRGB/coco_superpixels_edge_wt_coord_feat_10,P3,unknown,review_required,review_required,catalogued_not_downloaded,"license, upstream terms, personal data, task fit, checksum, storage budget"
backlog,huggingface:LRGB/coco_superpixels_edge_wt_only_coord_10,LRGB/coco_superpixels_edge_wt_only_coord_10,https://huggingface.co/datasets/LRGB/coco_superpixels_edge_wt_only_coord_10,P3,unknown,review_required,review_required,catalogued_not_downloaded,"license, upstream terms, personal data, task fit, checksum, storage budget"
backlog,huggingface:LRGB/coco_superpixels_edge_wt_only_coord_30,LRGB/coco_superpixels_edge_wt_only_coord_30,https://huggingface.co/datasets/LRGB/coco_superpixels_edge_wt_only_coord_30,P3,unknown,review_required,review_required,catalogued_not_downloaded,"license, upstream terms, personal data, task fit, checksum, storage budget"
backlog,huggingface:LRGB/coco_superpixels_edge_wt_only_feat_30,LRGB/coco_superpixels_edge_wt_only_feat_30,https://huggingface.co/datasets/LRGB/coco_superpixels_edge_wt_only_feat_30,P3,unknown,review_required,review_required,catalogued_not_downloaded,"license, upstream terms, personal data, task fit, checksum, storage budget"
backlog,huggingface:LRGB/coco_superpixels_edge_wt_region_boundary_10,LRGB/coco_superpixels_edge_wt_region_boundary_10,https://huggingface.co/datasets/LRGB/coco_superpixels_edge_wt_region_boundary_10,P3,unknown,review_required,review_required,catalogued_not_downloaded,"license, upstream terms, personal data, task fit, checksum, storage budget"
backlog,huggingface:LRGB/coco_superpixels_edge_wt_region_boundary_30,LRGB/coco_superpixels_edge_wt_region_boundary_30,https://huggingface.co/datasets/LRGB/coco_superpixels_edge_wt_region_boundary_30,P3,unknown,review_required,review_required,catalogued_not_downloaded,"license, upstream terms, personal data, task fit, checksum, storage budget"
backlog,huggingface:Luka-Wang/COCO,Luka-Wang/COCO,https://huggingface.co/datasets/Luka-Wang/COCO,P3,unknown,review_required,review_required,catalogued_not_downloaded,"license, upstream terms, personal data, task fit, checksum, storage budget"
backlog,huggingface:mehmetkeremturkcan/SAM3-Joint-Surgical-Dataset,mehmetkeremturkcan/SAM3-Joint-Surgical-Dataset,https://huggingface.co/datasets/mehmetkeremturkcan/SAM3-Joint-Surgical-Dataset,P3,unknown,coco_convertible,mask_ready,catalogued_not_downloaded,"license, upstream terms, personal data, task fit, checksum, storage budget"
backlog,huggingface:merve/coco,merve/coco,https://huggingface.co/datasets/merve/coco,P3,unknown,review_required,review_required,catalogued_not_downloaded,"license, upstream terms, personal data, task fit, checksum, storage budget"
backlog,huggingface:Mindgard/evaded-prompt-injection-and-jailbreak-samples,Mindgard/evaded-prompt-injection-and-jailbreak-samples,https://huggingface.co/datasets/Mindgard/evaded-prompt-injection-and-jailbreak-samples,P3,unknown,review_required,review_required,catalogued_not_downloaded,"license, upstream terms, personal data, task fit, checksum, storage budget"
backlog,huggingface:moritzef/mapillary_vistas_semantic_edges_and_segmentation,moritzef/mapillary_vistas_semantic_edges_and_segmentation,https://huggingface.co/datasets/moritzef/mapillary_vistas_semantic_edges_and_segmentation,P3,unknown,review_required,review_required,catalogued_not_downloaded,"license, upstream terms, personal data, task fit, checksum, storage budget"
backlog,huggingface:moritzef/mapillary_vistas_semantic_edges_and_segmentation_test,moritzef/mapillary_vistas_semantic_edges_and_segmentation_test,https://huggingface.co/datasets/moritzef/mapillary_vistas_semantic_edges_and_segmentation_test,P3,unknown,review_required,review_required,catalogued_not_downloaded,"license, upstream terms, personal data, task fit, checksum, storage budget"
backlog,huggingface:moritzef/semantic_edges_and_segmentation_placepulse,moritzef/semantic_edges_and_segmentation_placepulse,https://huggingface.co/datasets/moritzef/semantic_edges_and_segmentation_placepulse,P3,unknown,review_required,review_required,catalogued_not_downloaded,"license, upstream terms, personal data, task fit, checksum, storage budget"
backlog,huggingface:moritzef/semantic_edges_and_segmentation_placepulse_test,moritzef/semantic_edges_and_segmentation_placepulse_test,https://huggingface.co/datasets/moritzef/semantic_edges_and_segmentation_placepulse_test,P3,unknown,review_required,review_required,catalogued_not_downloaded,"license, upstream terms, personal data, task fit, checksum, storage budget"
backlog,huggingface:MortenTabaka/LandCover-Aerial-Imagery-for-semantic-segmentation,MortenTabaka/LandCover-Aerial-Imagery-for-semantic-segmentation,https://huggingface.co/datasets/MortenTabaka/LandCover-Aerial-Imagery-for-semantic-segmentation,P3,unknown,review_required,mask_ready,catalogued_not_downloaded,"license, upstream terms, personal data, task fit, checksum, storage budget"
backlog,huggingface:MouthCare/intraoral-sample,MouthCare/intraoral-sample,https://huggingface.co/datasets/MouthCare/intraoral-sample,P3,unknown,coco_convertible,mask_ready,catalogued_not_downloaded,"license, upstream terms, personal data, task fit, checksum, storage budget"
backlog,huggingface:mukilanvk/YOLO,mukilanvk/YOLO,https://huggingface.co/datasets/mukilanvk/YOLO,P3,unknown,review_required,review_required,catalogued_not_downloaded,"license, upstream terms, personal data, task fit, checksum, storage budget"
backlog,huggingface:mukilanvk/yolo1,mukilanvk/yolo1,https://huggingface.co/datasets/mukilanvk/yolo1,P3,unknown,review_required,review_required,catalogued_not_downloaded,"license, upstream terms, personal data, task fit, checksum, storage budget"
backlog,huggingface:mzellou/yolo-windmill-fr,mzellou/yolo-windmill-fr,https://huggingface.co/datasets/mzellou/yolo-windmill-fr,P3,unknown,conversion_required,box_prompt_convertible,catalogued_not_downloaded,"license, upstream terms, personal data, task fit, checksum, storage budget"
backlog,huggingface:natealberti/ChestX-Det-semantic-segmentation,natealberti/ChestX-Det-semantic-segmentation,https://huggingface.co/datasets/natealberti/ChestX-Det-semantic-segmentation,P3,unknown,review_required,review_required,catalogued_not_downloaded,"license, upstream terms, personal data, task fit, checksum, storage budget"
backlog,huggingface:nazmi/yolov8-combined,nazmi/yolov8-combined,https://huggingface.co/datasets/nazmi/yolov8-combined,P3,unknown,review_required,review_required,catalogued_not_downloaded,"license, upstream terms, personal data, task fit, checksum, storage budget"
backlog,huggingface:nekofura/yolo_project,nekofura/yolo_project,https://huggingface.co/datasets/nekofura/yolo_project,P3,unknown,review_required,review_required,catalogued_not_downloaded,"license, upstream terms, personal data, task fit, checksum, storage budget"
backlog,huggingface:nielsr/coco-panoptic-categories,nielsr/coco-panoptic-categories,https://huggingface.co/datasets/nielsr/coco-panoptic-categories,P3,unknown,review_required,review_required,catalogued_not_downloaded,"license, upstream terms, personal data, task fit, checksum, storage budget"
backlog,huggingface:nielsr/coco-panoptic-val2017,nielsr/coco-panoptic-val2017,https://huggingface.co/datasets/nielsr/coco-panoptic-val2017,P3,unknown,review_required,review_required,catalogued_not_downloaded,"license, upstream terms, personal data, task fit, checksum, storage budget"
backlog,huggingface:nielsr/ship-detection-sliced-yolo-format-train-only,nielsr/ship-detection-sliced-yolo-format-train-only,https://huggingface.co/datasets/nielsr/ship-detection-sliced-yolo-format-train-only,P3,unknown,review_required,review_required,catalogued_not_downloaded,"license, upstream terms, personal data, task fit, checksum, storage budget"
backlog,huggingface:nielsr/ship-detection-yolov5-format,nielsr/ship-detection-yolov5-format,https://huggingface.co/datasets/nielsr/ship-detection-yolov5-format,P3,unknown,review_required,review_required,catalogued_not_downloaded,"license, upstream terms, personal data, task fit, checksum, storage budget"
backlog,huggingface:nielsr/yolov5-predictions,nielsr/yolov5-predictions,https://huggingface.co/datasets/nielsr/yolov5-predictions,P3,unknown,review_required,review_required,catalogued_not_downloaded,"license, upstream terms, personal data, task fit, checksum, storage budget"
backlog,huggingface:nvidia/Nemotron-Pretraining-Dataset-sample,nvidia/Nemotron-Pretraining-Dataset-sample,https://huggingface.co/datasets/nvidia/Nemotron-Pretraining-Dataset-sample,P3,unknown,review_required,review_required,catalogued_not_downloaded,"license, upstream terms, personal data, task fit, checksum, storage budget"
backlog,huggingface:Peter0716/Prototype_Coreset-Simple_Coreset_Selection_for_Instance_Segmentation_Before_Annotation,Peter0716/Prototype_Coreset-Simple_Coreset_Selection_for_Instance_Segmentation_Before_Annotation,https://huggingface.co/datasets/Peter0716/Prototype_Coreset-Simple_Coreset_Selection_for_Instance_Segmentation_Before_Annotation,P3,unknown,review_required,review_required,catalogued_not_downloaded,"license, upstream terms, personal data, task fit, checksum, storage budget"
backlog,huggingface:Project-AgML/cabbage_instance_segmentation,Project-AgML/cabbage_instance_segmentation,https://huggingface.co/datasets/Project-AgML/cabbage_instance_segmentation,P3,unknown,review_required,mask_ready,catalogued_not_downloaded,"license, upstream terms, personal data, task fit, checksum, storage budget"
backlog,huggingface:public-data/sample-images-TADNE,public-data/sample-images-TADNE,https://huggingface.co/datasets/public-data/sample-images-TADNE,P3,unknown,review_required,review_required,catalogued_not_downloaded,"license, upstream terms, personal data, task fit, checksum, storage budget"
backlog,huggingface:Qamro/the-Pokemon-Trading-Card-Game-Battle-Challenge-DataSet-Sample,Qamro/the-Pokemon-Trading-Card-Game-Battle-Challenge-DataSet-Sample,https://huggingface.co/datasets/Qamro/the-Pokemon-Trading-Card-Game-Battle-Challenge-DataSet-Sample,P3,unknown,review_required,review_required,catalogued_not_downloaded,"license, upstream terms, personal data, task fit, checksum, storage budget"
backlog,huggingface:research-centre-rez/synth-rod-instance-segmentation,research-centre-rez/synth-rod-instance-segmentation,https://huggingface.co/datasets/research-centre-rez/synth-rod-instance-segmentation,P3,unknown,review_required,review_required,catalogued_not_downloaded,"license, upstream terms, personal data, task fit, checksum, storage budget"
backlog,huggingface:richfrain/semanticSegmentation,richfrain/semanticSegmentation,https://huggingface.co/datasets/richfrain/semanticSegmentation,P3,unknown,review_required,review_required,catalogued_not_downloaded,"license, upstream terms, personal data, task fit, checksum, storage budget"
backlog,huggingface:richfrain/semanticSegmentationv2,richfrain/semanticSegmentationv2,https://huggingface.co/datasets/richfrain/semanticSegmentationv2,P3,unknown,review_required,review_required,catalogued_not_downloaded,"license, upstream terms, personal data, task fit, checksum, storage budget"
backlog,huggingface:RIW/small-coco,RIW/small-coco,https://huggingface.co/datasets/RIW/small-coco,P3,unknown,review_required,review_required,catalogued_not_downloaded,"license, upstream terms, personal data, task fit, checksum, storage budget"
backlog,huggingface:RIW/small-coco-wm,RIW/small-coco-wm,https://huggingface.co/datasets/RIW/small-coco-wm,P3,unknown,review_required,review_required,catalogued_not_downloaded,"license, upstream terms, personal data, task fit, checksum, storage budget"
backlog,huggingface:ronantakizawa/sampleflip-midi,ronantakizawa/sampleflip-midi,https://huggingface.co/datasets/ronantakizawa/sampleflip-midi,P3,unknown,review_required,review_required,catalogued_not_downloaded,"license, upstream terms, personal data, task fit, checksum, storage budget"
backlog,huggingface:RootCauseAnalytics/Insurance-Library-Sample,RootCauseAnalytics/Insurance-Library-Sample,https://huggingface.co/datasets/RootCauseAnalytics/Insurance-Library-Sample,P3,unknown,review_required,review_required,catalogued_not_downloaded,"license, upstream terms, personal data, task fit, checksum, storage budget"
backlog,huggingface:ropedia-ai/xperience-10m-sample,ropedia-ai/xperience-10m-sample,https://huggingface.co/datasets/ropedia-ai/xperience-10m-sample,P3,unknown,review_required,review_required,catalogued_not_downloaded,"license, upstream terms, personal data, task fit, checksum, storage budget"
backlog,huggingface:Ryukijano/Pothole-detection-Yolov8,Ryukijano/Pothole-detection-Yolov8,https://huggingface.co/datasets/Ryukijano/Pothole-detection-Yolov8,P3,unknown,conversion_required,box_prompt_convertible,catalogued_not_downloaded,"license, upstream terms, personal data, task fit, checksum, storage budget"
backlog,huggingface:RyuNumchon/artery_yolo,RyuNumchon/artery_yolo,https://huggingface.co/datasets/RyuNumchon/artery_yolo,P3,unknown,review_required,review_required,catalogued_not_downloaded,"license, upstream terms, personal data, task fit, checksum, storage budget"
backlog,huggingface:saadfrh/pv-semantic-segmentation,saadfrh/pv-semantic-segmentation,https://huggingface.co/datasets/saadfrh/pv-semantic-segmentation,P3,unknown,review_required,review_required,catalogued_not_downloaded,"license, upstream terms, personal data, task fit, checksum, storage budget"
backlog,huggingface:Sam2021/Arguement_Mining_CL2017,Sam2021/Arguement_Mining_CL2017,https://huggingface.co/datasets/Sam2021/Arguement_Mining_CL2017,P3,unknown,review_required,review_required,catalogued_not_downloaded,"license, upstream terms, personal data, task fit, checksum, storage budget"
backlog,huggingface:samaya-ai/FrontierFinance,samaya-ai/FrontierFinance,https://huggingface.co/datasets/samaya-ai/FrontierFinance,P3,unknown,review_required,review_required,catalogued_not_downloaded,"license, upstream terms, personal data, task fit, checksum, storage budget"
backlog,huggingface:Samip/func,Samip/func,https://huggingface.co/datasets/Samip/func,P3,unknown,review_required,review_required,catalogued_not_downloaded,"license, upstream terms, personal data, task fit, checksum, storage budget"
backlog,huggingface:SamsungSDS-Research/Policy-on-the-Fly-Benchmark,SamsungSDS-Research/Policy-on-the-Fly-Benchmark,https://huggingface.co/datasets/SamsungSDS-Research/Policy-on-the-Fly-Benchmark,P3,unknown,review_required,review_required,catalogued_not_downloaded,"license, upstream terms, personal data, task fit, checksum, storage budget"
backlog,huggingface:SamuelWu318/ts-satfire,SamuelWu318/ts-satfire,https://huggingface.co/datasets/SamuelWu318/ts-satfire,P3,unknown,review_required,review_required,catalogued_not_downloaded,"license, upstream terms, personal data, task fit, checksum, storage budget"
backlog,huggingface:SDbiaseval/COCO_categories,SDbiaseval/COCO_categories,https://huggingface.co/datasets/SDbiaseval/COCO_categories,P3,unknown,review_required,review_required,catalogued_not_downloaded,"license, upstream terms, personal data, task fit, checksum, storage budget"
backlog,huggingface:SergioSCA/Logistics_v2_yolov8,SergioSCA/Logistics_v2_yolov8,https://huggingface.co/datasets/SergioSCA/Logistics_v2_yolov8,P3,unknown,review_required,review_required,catalogued_not_downloaded,"license, upstream terms, personal data, task fit, checksum, storage budget"
backlog,huggingface:Shiveswarran/llm_instruction_code_manual_yolo_lc,Shiveswarran/llm_instruction_code_manual_yolo_lc,https://huggingface.co/datasets/Shiveswarran/llm_instruction_code_manual_yolo_lc,P3,unknown,review_required,review_required,catalogued_not_downloaded,"license, upstream terms, personal data, task fit, checksum, storage budget"
backlog,huggingface:shpotes/ms_coco,shpotes/ms_coco,https://huggingface.co/datasets/shpotes/ms_coco,P3,unknown,review_required,review_required,catalogued_not_downloaded,"license, upstream terms, personal data, task fit, checksum, storage budget"
backlog,huggingface:shunk031/cocostuff,shunk031/cocostuff,https://huggingface.co/datasets/shunk031/cocostuff,P3,unknown,coco_convertible,box_prompt_convertible,catalogued_not_downloaded,"license, upstream terms, personal data, task fit, checksum, storage budget"
backlog,huggingface:smartnanotubes/snt-fire-enose-sample,smartnanotubes/snt-fire-enose-sample,https://huggingface.co/datasets/smartnanotubes/snt-fire-enose-sample,P3,unknown,review_required,review_required,catalogued_not_downloaded,"license, upstream terms, personal data, task fit, checksum, storage budget"
backlog,huggingface:stanford-cs336/owt-sample,stanford-cs336/owt-sample,https://huggingface.co/datasets/stanford-cs336/owt-sample,P3,unknown,review_required,review_required,catalogued_not_downloaded,"license, upstream terms, personal data, task fit, checksum, storage budget"
backlog,huggingface:SYliuuuuuu/ROI-1555_Rebar_Detection_and_Instance_Segmentation_Dataset,SYliuuuuuu/ROI-1555_Rebar_Detection_and_Instance_Segmentation_Dataset,https://huggingface.co/datasets/SYliuuuuuu/ROI-1555_Rebar_Detection_and_Instance_Segmentation_Dataset,P3,unknown,review_required,review_required,catalogued_not_downloaded,"license, upstream terms, personal data, task fit, checksum, storage budget"
backlog,huggingface:Textovic/lions-instance-segmentation,Textovic/lions-instance-segmentation,https://huggingface.co/datasets/Textovic/lions-instance-segmentation,P3,unknown,review_required,review_required,catalogued_not_downloaded,"license, upstream terms, personal data, task fit, checksum, storage budget"
backlog,huggingface:tferhan/morocco_satellite_buildings_semantic_segmentation_512_v2,tferhan/morocco_satellite_buildings_semantic_segmentation_512_v2,https://huggingface.co/datasets/tferhan/morocco_satellite_buildings_semantic_segmentation_512_v2,P3,unknown,review_required,review_required,catalogued_not_downloaded,"license, upstream terms, personal data, task fit, checksum, storage budget"
backlog,huggingface:ThomasDenoirjean/Semantic_Segmentation_Graptolodiea,ThomasDenoirjean/Semantic_Segmentation_Graptolodiea,https://huggingface.co/datasets/ThomasDenoirjean/Semantic_Segmentation_Graptolodiea,P3,unknown,review_required,review_required,catalogued_not_downloaded,"license, upstream terms, personal data, task fit, checksum, storage budget"
backlog,huggingface:tomrb/yolov8to_data,tomrb/yolov8to_data,https://huggingface.co/datasets/tomrb/yolov8to_data,P3,unknown,review_required,review_required,catalogued_not_downloaded,"license, upstream terms, personal data, task fit, checksum, storage budget"
backlog,huggingface:tsakman23/visual_masked_distracting_metaworld_sam,tsakman23/visual_masked_distracting_metaworld_sam,https://huggingface.co/datasets/tsakman23/visual_masked_distracting_metaworld_sam,P3,unknown,review_required,review_required,catalogued_not_downloaded,"license, upstream terms, personal data, task fit, checksum, storage budget"
backlog,huggingface:tsrobcvai/ROI-1555_Rebar_Detection_and_Instance_Segmentation_Dataset,tsrobcvai/ROI-1555_Rebar_Detection_and_Instance_Segmentation_Dataset,https://huggingface.co/datasets/tsrobcvai/ROI-1555_Rebar_Detection_and_Instance_Segmentation_Dataset,P3,unknown,review_required,review_required,catalogued_not_downloaded,"license, upstream terms, personal data, task fit, checksum, storage budget"
backlog,huggingface:tubasid/toy-car-annotation-YOLO,tubasid/toy-car-annotation-YOLO,https://huggingface.co/datasets/tubasid/toy-car-annotation-YOLO,P3,unknown,native_yolo,review_required,catalogued_not_downloaded,"license, upstream terms, personal data, task fit, checksum, storage budget"
backlog,huggingface:UmaDiffusion/ULTIMA-YOLO,UmaDiffusion/ULTIMA-YOLO,https://huggingface.co/datasets/UmaDiffusion/ULTIMA-YOLO,P3,unknown,conversion_required,box_prompt_convertible,catalogued_not_downloaded,"license, upstream terms, personal data, task fit, checksum, storage budget"
backlog,huggingface:varcoder/Semantic_Segmentation_CE,varcoder/Semantic_Segmentation_CE,https://huggingface.co/datasets/varcoder/Semantic_Segmentation_CE,P3,unknown,review_required,review_required,catalogued_not_downloaded,"license, upstream terms, personal data, task fit, checksum, storage budget"
backlog,huggingface:winsnell5590/YOLOV7,winsnell5590/YOLOV7,https://huggingface.co/datasets/winsnell5590/YOLOV7,P3,unknown,review_required,review_required,catalogued_not_downloaded,"license, upstream terms, personal data, task fit, checksum, storage budget"
backlog,huggingface:WuWenc/tiny_coco,WuWenc/tiny_coco,https://huggingface.co/datasets/WuWenc/tiny_coco,P3,unknown,review_required,review_required,catalogued_not_downloaded,"license, upstream terms, personal data, task fit, checksum, storage budget"
backlog,huggingface:wwkiyyx/yolo,wwkiyyx/yolo,https://huggingface.co/datasets/wwkiyyx/yolo,P3,unknown,review_required,review_required,catalogued_not_downloaded,"license, upstream terms, personal data, task fit, checksum, storage budget"
backlog,huggingface:xdeng77/coconut_instance_segmentation,xdeng77/coconut_instance_segmentation,https://huggingface.co/datasets/xdeng77/coconut_instance_segmentation,P3,unknown,review_required,review_required,catalogued_not_downloaded,"license, upstream terms, personal data, task fit, checksum, storage budget"
backlog,huggingface:xpertsystems/oil039-sample,xpertsystems/oil039-sample,https://huggingface.co/datasets/xpertsystems/oil039-sample,P3,unknown,review_required,review_required,catalogued_not_downloaded,"license, upstream terms, personal data, task fit, checksum, storage budget"
backlog,huggingface:Xuttt123/mannequin_hand_YOLOv8,Xuttt123/mannequin_hand_YOLOv8,https://huggingface.co/datasets/Xuttt123/mannequin_hand_YOLOv8,P3,unknown,review_required,review_required,catalogued_not_downloaded,"license, upstream terms, personal data, task fit, checksum, storage budget"
backlog,huggingface:ybli/yolo-building-instance-segmentation,ybli/yolo-building-instance-segmentation,https://huggingface.co/datasets/ybli/yolo-building-instance-segmentation,P3,unknown,native_yolo,mask_ready,catalogued_not_downloaded,"license, upstream terms, personal data, task fit, checksum, storage budget"
backlog,huggingface:ybli/yolo-edible-fungi-disease-recognition-instance-segmentation,ybli/yolo-edible-fungi-disease-recognition-instance-segmentation,https://huggingface.co/datasets/ybli/yolo-edible-fungi-disease-recognition-instance-segmentation,P3,unknown,native_yolo,mask_ready,catalogued_not_downloaded,"license, upstream terms, personal data, task fit, checksum, storage budget"
backlog,huggingface:ybli/yolo-marine-organism-instance-segmentation,ybli/yolo-marine-organism-instance-segmentation,https://huggingface.co/datasets/ybli/yolo-marine-organism-instance-segmentation,P3,unknown,native_yolo,mask_ready,catalogued_not_downloaded,"license, upstream terms, personal data, task fit, checksum, storage budget"
backlog,huggingface:ybli/yolo-single-tree-segmentation-instance-segmentation,ybli/yolo-single-tree-segmentation-instance-segmentation,https://huggingface.co/datasets/ybli/yolo-single-tree-segmentation-instance-segmentation,P3,unknown,native_yolo,mask_ready,catalogued_not_downloaded,"license, upstream terms, personal data, task fit, checksum, storage budget"
backlog,huggingface:ybli/yolo-various-starfish-instance-segmentation,ybli/yolo-various-starfish-instance-segmentation,https://huggingface.co/datasets/ybli/yolo-various-starfish-instance-segmentation,P3,unknown,native_yolo,mask_ready,catalogued_not_downloaded,"license, upstream terms, personal data, task fit, checksum, storage budget"
backlog,huggingface:ydshieh/coco_dataset_script,ydshieh/coco_dataset_script,https://huggingface.co/datasets/ydshieh/coco_dataset_script,P3,unknown,review_required,review_required,catalogued_not_downloaded,"license, upstream terms, personal data, task fit, checksum, storage budget"
backlog,huggingface:yerevann/coco-karpathy,yerevann/coco-karpathy,https://huggingface.co/datasets/yerevann/coco-karpathy,P3,unknown,coco_convertible,box_prompt_convertible,catalogued_not_downloaded,"license, upstream terms, personal data, task fit, checksum, storage budget"
backlog,huggingface:YOLOTOM/Qinshu,YOLOTOM/Qinshu,https://huggingface.co/datasets/YOLOTOM/Qinshu,P3,unknown,review_required,review_required,catalogued_not_downloaded,"license, upstream terms, personal data, task fit, checksum, storage budget"
backlog,huggingface:Zongrong/Satellite_semantic_segmentation,Zongrong/Satellite_semantic_segmentation,https://huggingface.co/datasets/Zongrong/Satellite_semantic_segmentation,P3,unknown,review_required,review_required,catalogued_not_downloaded,"license, upstream terms, personal data, task fit, checksum, storage budget"
backlog,sa1b:1.0,Segment Anything 1 Billion Masks,https://ai.meta.com/datasets/segment-anything/,P3,research_only,not_suitable,mask_ready,catalogued_not_downloaded,"license, upstream terms, personal data, task fit, checksum, storage budget"
backlog,sa-v:2023,Segment Anything Video Dataset,https://ai.meta.com/datasets/segment-anything-video/,P3,research_only,not_suitable,mask_ready,catalogued_not_downloaded,"license, upstream terms, personal data, task fit, checksum, storage budget"
backlog,objects365:v2,Objects365 V2,https://www.objects365.org/overview.html,P3,research_only,conversion_required,box_prompt_convertible,catalogued_not_downloaded,"license, upstream terms, personal data, task fit, checksum, storage budget"
backlog,treesatai:2024,TreeSatAI,https://github.com/SchultzB/TreeSatAI,P3,unknown,not_suitable,review_required,catalogued_not_downloaded,"license, upstream terms, personal data, task fit, checksum, storage budget"
